,Comments
109,['9.6']
414,"['31.2', '7.5']"
2617,[]
2634,[]
2667,['27.69']
2897,['67.2']
2901,[]
2925,[]
2944,['195.84']
3056,[]
3066,[]
3118,[]
3145,['24.48']
3346,[]
3365,[]
3366,[]
3375,[]
3376,[]
3377,[]
3378,[]
3379,[]
3380,[]
3381,[]
3382,[]
3383,[]
3384,[]
3385,[]
3388,[]
3389,[]
3390,[]
3391,[]
3392,[]
3393,[]
3394,[]
3395,[]
3397,[]
3398,[]
3399,[]
3400,[]
3401,[]
3402,[]
3403,[]
3404,[]
3405,[]
3406,[]
3407,[]
3477,[]
3616,[]
3637,[]
3782,[]
3783,[]
3788,[]
3832,[]
3907,['1.94']
3908,['1.94']
3909,['1.94']
3910,['4.73']
3920,['4.73']
3922,['4.73']
3999,[]
4084,[]
4096,[]
4629,[]
4784,[]
4895,[]
4981,[]
5080,[]
5266,[]
5319,[]
5391,['19.86']
5394,['53.275']
5458,[]
5475,[]
5490,[]
5524,[]
5617,[]
5624,[]
5645,[]
5707,[]
5877,[]
6148,['22.05']
6514,[]
6875,['35.7']
6877,['5.46']
6883,['7.98']
6946,[]
7244,[]
7289,[]
7542,[]
7621,[]
8458,[]
8489,[]
8738,[]
9077,[]
9140,[]
9590,[]
9607,[]
9608,[]
10092,[]
10104,[]
10119,[]
10453,[]
10467,[]
11991,[]
13283,[]
13611,['1.925']
13653,[]
14280,[]
14692,['109.14']
14938,[]
15197,[]
15411,['64.26']
15929,['30.8']
16124,[]
16989,['7.5']
16990,['19.5']
17146,['26.9']
17196,"['000.00', '90.00']"
17439,[]
18682,[]
18702,['10.36']
18740,['6.12']
19044,['24.3']
19380,['24.3']
19415,"['32.55', '15.0']"
19576,[]
19629,['374.22']
19952,[]
20141,[]
20142,[]
20372,[]
21293,[]
21295,[]
21296,[]
21488,[]
22396,[]
22400,[]
22401,[]
22695,[]
22815,[]
22818,[]
22820,[]
22822,[]
23629,[]
23724,[]
23734,[]
24457,[]
24458,[]
24459,[]
24471,[]
24474,[]
24797,[]
24917,[]
25180,[]
25181,[]
25182,[]
25184,[]
25185,[]
25186,[]
25446,[]
26282,[]
26418,[]
26488,[]
26548,[]
26584,[]
26617,['6.5']
26719,['3.84']
26723,['5.85']
40326,[]
40327,[]
40344,[]
40401,[]
40530,[]
40665,[]
40667,[]
40733,[]
40747,[]
40976,['6.11']
41069,[]
41088,['4.8']
41346,['6.345']
41365,[]
41368,[]
41395,['7.05']
41451,['3.055']
41579,['3.05']
41582,[]
41673,['3.29']
41674,['8.46']
41680,['4.23']
41849,['4.23']
41850,['3.29']
41851,['3.29']
41995,[]
42084,['3.52']
42085,['5.64']
42086,['6.58']
42160,['3.05']
42162,['3.29']
42352,[]
42353,['3.29']
42439,[]
42488,['5.46']
42500,['3.76']
42657,['5.405']
42742,['3.99']
42745,['5.17']
42747,['4.23']
42749,['6.11']
42751,['5.64']
42752,['7.05']
42754,['6.58']
42756,['4.23']
42757,['5.39']
43035,[]
43200,[]
43217,[]
43233,['3.76']
43234,['4.9']
43235,['3.92']
43238,['3.29']
43239,['5.88']
43241,['2.94']
43242,['3.29']
43256,['5.64']
43321,['5.41']
43328,['6.86']
43330,['6.86']
43332,['3.05']
43512,['1.94']
43513,['1.94']
43514,['1.94']
43515,['4.73']
43538,['4.73']
43539,['4.73']
43557,['3.2']
43592,[]
43640,[]
43684,['3.18']
43717,[]
43761,[]
43844,['3.18']
43845,['3.18']
43846,['2.94']
43847,['4.23']
43880,[]
43890,['3.05']
43893,['4.9']
43927,['8.82']
43928,['3.29']
43952,[]
43970,['6.5']
44019,['4.9']
44020,['3.18']
44023,['5.39']
44195,[]
44201,['3.92']
44202,['3.92']
44203,['4.9']
44204,['4.41']
44239,[]
44303,[]
44366,[]
44555,[]
44793,[]
44871,['3.67']
44875,['4.41']
44876,['4.41']
44877,['7.35']
44878,['3.43']
44880,['4.9']
44883,['3.92']
44884,['7.05']
45123,[]
45136,['4.5']
45137,[]
45138,['4.5']
45139,['7.5']
45140,['4.5']
45141,[]
45173,[]
45206,['5.5']
45208,[]
45209,[]
45211,[]
45214,['3.5']
45215,[]
45220,['3.57']
45221,['4.9']
45222,['3.18']
45256,[]
45293,['3.5']
45374,['4.23']
45375,['7.14']
45376,['4.16']
45377,['6.12']
45446,['3.43']
45454,['3.2']
45525,['4.08']
45865,[]
45866,[]
45870,['4.59']
45878,['3.6']
46012,[]
46014,[]
46037,['4.9']
46180,['4.59']
46378,['7.35']
46397,['7.35']
46457,['7.35']
46461,['5.64']
46629,['6.35']
46701,['3.43']
46705,['3.43']
46785,[]
46804,[]
46855,['3.5']
46891,[]
47022,['7.35']
47024,['3.43']
47082,['2.88']
47110,[]
47168,['3.18']
47170,['3.29']
47172,['4.08']
47203,['6.5']
47326,['9.8']
47327,['6.86']
47484,['2.9']
47844,['3.9']
47967,['4.2']
48214,[]
48328,['4.41']
48721,['4.65']
48722,['9.8']
48723,['4.59']
48850,[]
48851,['1.645']
48903,[]
48909,[]
48932,['5.76']
49008,['3.5']
49036,['4.25']
49040,['7.05']
49046,['5.88']
49047,['2.75']
49050,['7.25']
49185,['5.5']
49213,[]
49396,['7.5']
49465,[]
49466,[]
49485,[]
49531,[]
49533,[]
49539,[]
49699,[]
49712,['2.94']
49713,['5.880']
49735,['3.430']
49844,['6.75']
49845,['6.63']
49846,['5.50']
49884,[]
49936,['9.0']
50020,['3.0']
50113,['6.25']
50114,['3.5']
50179,[]
50320,['5.1']
50549,[]
50550,[]
50631,['22.05']
50689,[]
50799,['4.410']
50805,['3.920']
50915,[]
50917,['5.88']
51138,['2.75']
51230,[]
51317,['4.410']
51325,['3.675']
51366,[]
51367,[]
51420,[]
51421,[]
51452,['1.6']
51511,['3.675']
51534,['5.76']
51573,[]
51576,['3.36']
51617,['3.675']
51620,['9.800']
51624,['6.860']
51708,[]
51735,['2.940']
51753,[]
51756,[]
51775,['4.8']
51854,[]
52035,[]
52147,[]
52155,[]
52201,['3.92']
52202,[]
52203,['5.35']
52205,[]
52206,[]
52276,['3.4']
52329,[]
52361,[]
52376,['3.5']
52409,[]
52410,[]
52411,[]
52423,['2.940']
52424,['4.900']
52425,['7.350']
52426,['6.125']
52467,[]
52468,[]
52595,['1.96']
52710,[]
52722,['3.920']
52912,[]
52913,[]
52957,[]
52965,[]
52967,[]
52968,[]
52992,[]
52994,[]
53014,[]
53109,['4.25']
53124,['1.715']
53125,['2.94']
53126,['3.92']
53140,['35.7']
53152,[]
53227,[]
53543,[]
53545,[]
53547,[]
53597,['4.23']
53653,['5.145']
53654,['3.75']
53662,[]
53694,['3.92']
53761,['4.5']
53763,['4.9']
53815,['4.32']
53830,[]
53850,['3.675']
53858,[]
53942,['4.410']
54028,['4.16']
54154,[]
54164,[]
54212,['4.410']
54214,[]
54276,['3.36']
54277,['2.64']
54429,[]
54561,[]
54585,[]
54668,['4.0']
54808,['4.900']
54889,['4.251']
55152,['5.880']
55154,['5.232']
55197,[]
55285,[]
55346,['4.900']
55453,['2.940']
55465,[]
55597,['5.886']
55693,['5.880']
55777,['5.390']
55918,['3.920']
55943,['3.430']
56117,['141.12']
56137,['7.370']
56139,['9.380']
56164,[]
56212,['3.920']
56333,['6.5']
56624,[]
56728,['3.38']
56891,['3.685']
57114,[]
57116,[]
57118,[]
57119,['19.68']
57867,[]
57995,['3.350']
58007,[]
58035,[]
58128,['3.350']
58326,[]
58353,['4.020']
58391,[]
58497,['3.430']
58498,[]
58571,[]
58640,[]
58673,[]
58706,['4.75']
58933,['4.0']
59071,[]
59200,['5.025']
59538,['6.700']
59539,['7.705']
59565,[]
59643,['4.355']
59656,[]
59657,[]
59778,['3.35']
59779,['5.360']
59780,['6.365']
59849,[]
59911,[]
59925,['4.020']
59926,['4.355']
60057,[]
60078,[]
60301,['4.5']
60329,['5.360']
60444,['3.675']
60445,['3.350']
60446,['6.365']
60447,['3.685']
60545,[]
60601,['5.360']
60675,[]
60684,[]
60735,[]
60788,['5.025']
60875,[]
60902,['3.350']
60933,['4.690']
60954,['4.25']
61067,['5.025']
61068,['7.370']
61370,['4.020']
61373,['5.360']
61374,['3.350']
61376,['6.030']
61379,['4.020']
61381,['5.025']
61408,['4.75']
61455,[]
61488,['4.020']
61489,['4.355']
61492,['3.350']
61493,['5.025']
61494,['5.695']
61525,[]
61526,[]
61660,['5.360']
61662,['4.690']
61958,[]
62030,['4.6']
62118,[]
62132,[]
62136,['4.355']
62137,['7.370']
62138,['4.355']
62139,['3.350']
62141,['5.025']
62142,['4.690']
62212,['7.035']
62213,['9.000']
62214,['2.940']
62231,['3.685']
62232,['3.350']
62234,['6.700']
62253,['5.61']
62453,['3.685']
62454,['3.350']
62455,['3.685']
62463,['4.020']
62466,['3.685']
62469,['6.700']
62470,['6.030']
62575,['5.360']
62576,['4.355']
62631,['6.030']
62681,[]
62716,['5.025']
62717,['3.350']
62728,['4.020']
62912,['9.045']
62913,['6.030']
62915,['6.700']
62916,['4.020']
62918,['4.020']
62919,['4.355']
62920,['3.350']
62922,['3.920']
62944,['3.685']
63053,[]
63117,[]
63144,['5.025']
63145,['5.695']
63146,['3.675']
63168,['9.045']
63169,['5.200']
63170,['3.350']
63249,['4.690']
63250,['5.360']
63498,['7.65']
63578,['3.92']
63779,['3.350']
63784,[]
63877,['5.360']
63948,[]
63953,"['500.00', '12000.00', '12500.00']"
63991,[]
64067,['3.120']
64094,[]
64362,['4.330']
64396,[]
64496,[]
64508,['4.60']
64543,[]
64548,[]
64583,[]
64589,[]
64608,[]
64685,[]
64697,[]
64700,[]
64701,[]
64760,['3.350']
64768,['3.350']
64769,['3.920']
64969,[]
65036,[]
65041,[]
65058,[]
65104,[]
65251,['3.350']
65299,[]
65468,['3.685']
65470,['5.025']
65471,['3.685']
65631,[]
65653,[]
65710,['5.880']
65747,[]
65995,[]
66050,['3.350']
66083,['7.035']
66142,[]
66327,[]
66346,['3.430']
66349,['4.410']
66350,['2.940']
66351,['4.900']
66402,[]
66561,['3.78']
66710,[]
66719,['3.350']
66721,['3.350']
66940,['3.75']
66985,[]
66987,[]
67065,[]
67066,[]
67068,"['5.36', '6.25']"
67127,[]
67129,[]
67130,[]
67208,[]
67385,['3.350']
67386,['3.350']
67387,['5.695']
67421,[]
67440,['1.750']
67442,['6.490']
67592,[]
67651,['3.78']
67826,[]
67903,[]
67962,['2.940']
67963,['6.00']
67964,['4.410']
67965,['5.025']
67968,['6.490']
68073,['4.690']
68116,[]
68118,[]
68140,[]
68144,[]
68149,[]
68199,[]
68200,[]
68427,[]
68430,['3.350']
68432,['5.360']
68532,['4.335']
68536,['6.0']
68538,['3.06']
68540,['4.59']
68542,['7.75']
68544,['3.315']
68546,['5.355']
68548,['2.5']
68584,[]
68649,['3.25']
68651,['3.315']
68653,['6.5']
68655,['3.315']
68867,[]
68874,['5.145']
68879,['3.920']
68933,['5.25']
69054,['5.61']
69076,['3.06']
69086,['3.57']
69087,['4.59']
69093,['7.5']
69110,[]
69116,['4.500']
69117,['8.575']
69126,['3.00']
69372,['5.1']
69373,['7.905']
69374,['6.63']
69386,[]
69471,[]
69609,['5.355']
69610,['5.1']
69611,['4.08']
69643,[]
69648,['4.655']
69649,['5.880']
69651,['5.400']
69676,['3.315']
69678,['5.61']
69679,['3.825']
69680,['6.63']
69681,['4.845']
69682,['4.845']
69779,[]
69843,[]
69901,['4.800']
69902,['4.800']
69903,['4.800']
69926,['3.06']
69927,['5.355']
69928,['6.0']
69929,['4.335']
69930,['2.5']
69931,['4.59']
69932,['7.75']
69933,['6.5']
69934,['3.25']
69935,['3.315']
69936,['5.25']
69937,['5.61']
69938,['3.57']
69939,['4.59']
69940,['7.5']
69941,['3.06']
69942,['7.905']
69943,['6.63']
69944,['5.355']
69945,['5.1']
69946,['4.08']
69947,['5.61']
69948,['3.825']
69949,['6.63']
69950,['4.845']
69951,['4.845']
69961,['5.1']
69966,['5.1']
69974,['3.825']
69977,['2.55']
69978,['2.805']
69979,['2.805']
69983,['4.59']
69985,['4.845']
70093,['5.61']
70095,['3.06']
70098,['4.08']
70099,['4.08']
70115,['2.805']
70131,['5.5']
70132,['4.5']
70158,['3.570']
70195,['4.845']
70416,['4.335']
70418,['2.295']
70419,['3.06']
70421,['4.845']
70423,['4.335']
70424,['3.06']
70436,[]
70501,['5.3']
70549,['9.945']
70550,['3.825']
70551,['2.295']
70552,['5.865']
70553,['4.08']
70554,['5.1']
70700,[]
70761,['4.355']
70768,['2.75']
70778,['9.435']
70780,['8.925']
70784,['5.865']
70786,['3.57']
70788,['4.335']
70789,['4.845']
70791,['9.945']
70793,['11.73']
70836,['4.590']
70951,['3.315']
70952,['2.805']
70961,[]
70973,[]
70996,['3.825']
70998,['6.12']
71000,['7.905']
71103,[]
71201,[]
71300,[]
71301,[]
71335,['2.295']
71337,['6.375']
71338,['4.335']
71345,['6.63']
71350,['12.24']
71419,[]
71494,[]
71495,[]
71497,[]
71501,[]
71515,['5.100']
71683,['3.430']
71709,['3.825']
71749,['5.50']
71863,[]
71866,['2.04']
71898,['4.800']
71899,['4.355']
71900,['5.100']
71902,['4.335']
71909,['4.59']
71911,['5.355']
71967,[]
72050,[]
72079,['5.610']
72107,['5.725']
72109,['6.98']
72172,[]
72314,[]
72420,['7.500']
72568,['3.315']
72570,['6.600']
72587,['2.295']
72589,['5.61']
72592,['2.805']
72593,['2.295']
72594,['4.59']
72672,[]
72683,['3.315']
72694,[]
72837,['3.315']
72842,['10.455']
72846,['7.905']
72847,['6.12']
72848,['3.825']
73023,"['663.00', '15912.00', '16575.00']"
73224,['3.5']
73256,['5.040']
73519,[]
73522,[]
73530,['4.95']
73707,[]
73725,['2.75']
73840,[]
73882,['1.925']
74006,['5.25']
74008,['3.060']
74031,['5.700']
74108,[]
74166,[]
74167,[]
74452,['5.610']
74464,['4.080']
74466,['4.500']
74516,['3.825']
74517,['5.1']
74597,['6.630']
74654,['3.06']
74655,['2.85']
74656,['4.08']
74657,['5.1']
74658,['3.43']
74659,['3.315']
74661,['4.9']
74672,['4.08']
74673,[]
74793,['3.185']
74794,['5.39']
74795,['2.45']
74835,[]
74845,[]
74907,['3.92']
74998,['2.205']
74999,['4.41']
75133,['5.53']
75134,['4.9']
75135,['5.145']
75203,['9.625']
75237,['5.865']
75238,['4.800']
75239,['5.355']
75241,['5.225']
75260,['4.655']
75262,['4.655']
75300,['3.5']
75403,['5.39']
75406,['2.55']
75550,[]
75564,['4.41']
75573,[]
75600,['5.100']
75624,[]
75625,[]
75627,[]
75630,['5.635']
75637,['3.675']
75652,['4.590']
75704,['3.92']
75837,['3.675']
75919,['3.43']
75920,['4.41']
75959,['6.37']
76032,['4.165']
76227,['4.41']
76230,['4.75']
76257,['109.14']
76262,['5.39']
76263,['3.25']
76301,[]
76392,['3.75']
76394,"['3.75', '5.25']"
76488,['4.5']
76496,['2.555']
76622,[]
76646,['4.5']
76788,['4.5']
76791,[]
76795,['4.25']
76796,['4.25']
76798,['5.5']
76857,[]
76900,['7.350']
76933,['4.75']
76940,['2.75']
77045,['4.800']
77145,[]
77168,[]
77170,['6.125']
77195,['5.98']
77196,['5.23']
77198,['5.25']
77201,['6.25']
77264,['4.080']
77266,['5.610']
77267,['4.080']
77268,['5.355']
77287,['3.5']
77290,['3.5']
77312,['4.8']
77317,['2.75']
77319,['2.5']
77360,['4.5']
77457,[]
77462,['5.64']
77545,['5.98']
77547,['2.6']
77548,['9.5']
77551,[]
77552,['4.68']
77555,[]
77586,['4.68']
77730,['4.42']
77731,['3.12']
77732,['3.5']
77733,['6.5']
77734,['4.5']
77754,['4.68']
77822,['5.98']
77858,['3.12']
77859,['5.98']
77860,['7.8']
77861,['6.24']
77903,['7.02']
77904,['8.58']
77909,['6.5']
77910,['3.9']
77913,['4.94']
77965,['6.750']
78010,[]
78022,['7.54']
78023,['5.2']
78024,['9.36']
78028,['3.9']
78035,['4.42']
78039,['7.02']
78040,['5.72']
78212,['5.72']
78214,['4.68']
78215,['4.68']
78216,['3.9']
78217,['6.25']
78219,['4.42']
78270,[]
78451,['3.64']
78452,['5.72']
78453,['2.34']
78609,['3.64']
78615,['9.1']
78620,['2.86']
78621,['4.42']
78623,['5.2']
78770,[]
78782,['5.98']
78783,['4.42']
78821,['7.54']
78822,['2.86']
78823,['4.68']
78824,['3.9']
78825,['5.2']
78827,['3.5']
78828,['2.86']
78832,['5.46']
78833,['6.76']
78834,['6.76']
78836,['5.2']
78840,['3.12']
78852,['3.060']
78892,['4.2']
78936,['64.26']
78986,[]
78998,[]
79037,['2.08']
79040,['7.28']
79111,['3.0']
79218,['6.5']
79219,['5.2']
79220,['5.2']
79221,['4.42']
79223,['4.68']
79224,['3.38']
79226,['5.46']
79228,['3.9']
79233,['3.64']
79311,['7.02']
79312,['7.02']
79313,['2.34']
79314,['5.2']
79316,['2.86']
79319,['6.5']
79321,['5.46']
79322,['2.08']
79378,['4.0']
79380,['2.0']
79381,['4.680']
79393,[]
79410,['4.94']
79419,['4.05']
79543,['4.42']
79548,['5.46']
79549,['3.38']
79551,['2.08']
79770,['6.5']
79771,['3.38']
79774,[]
79860,[]
79863,['26.0']
79909,['3.9']
79910,['4.42']
79921,['3.9']
80053,['6.24']
80128,[]
80172,['7.28']
80173,['5.98']
80175,['8.58']
80212,[]
80249,['1000.00']
80250,['1000.00']
80361,['5.2']
80412,['2.6']
80425,['5.98']
80442,['3.64']
80525,['8.32']
80527,['7.8']
80529,['2.34']
80531,['6.24']
80532,['4.16']
80550,['3.38']
80551,['5.46']
80552,['3.64']
80553,['6.5']
80554,['3.38']
80559,['5.46']
80560,['3.64']
80565,['3.850']
80566,['9.350']
80610,[]
80612,[]
80614,[]
80653,['3.38']
80655,['9.75']
80656,['3.12']
80658,['7.8']
80662,[]
80690,['4.275']
80693,['2.6']
80694,['4.16']
80695,['4.68']
80707,['3.30']
80708,['3.90']
80766,['5.72']
80769,['11.7']
80772,['7.02']
80774,['5.2']
80775,['7.28']
80786,['7.54']
80788,['2.86']
80790,['3.38']
80792,['2.6']
80796,['5.72']
80797,['9.62']
80807,['5.72']
80833,['3.38']
80902,['4.94']
80922,['4.94']
80926,['4.16']
80930,['2.86']
80938,['9.36']
80981,['8.58']
81007,[]
81028,['7.54']
81029,['3.64']
81068,['5.98']
81069,['2.6']
81070,['14.3']
81071,['6.24']
81072,['3.9']
81074,['4.94']
81075,['4.68']
81080,['5.2']
81081,['2.86']
81132,[]
81152,[]
81181,['8.84']
81201,['10.4']
81205,['3.12']
81206,['3.12']
81207,['3.9']
81208,['6.76']
81259,['3.12']
81280,[]
81281,['6.36']
81308,['6.0']
81392,['5.88']
81396,[]
81397,[]
81398,['3.9']
81399,['3.9']
81418,['7.7']
81439,['2.86']
81441,['4.68']
81442,['5.72']
81447,['6.76']
81473,['8.06']
81476,['11.96']
81477,['3.38']
81479,['9.88']
81574,['2.86']
81575,['7.28']
81580,['5.215']
81581,['11.44']
81582,['5.98']
81584,['7.28']
81585,['2.6']
81586,['3.38']
81588,['4.94']
81595,['7.28']
81671,['4.86']
81672,['9.18']
81680,['7.02']
81687,['7.8']
81706,['5.3']
81738,['11.18']
81743,['5.2']
81745,['5.72']
81747,['5.2']
81845,[]
81846,['7.54']
81849,['3.64']
81850,['5.98']
81851,['9.88']
81880,['2.6']
81882,['4.420']
81885,[]
81906,[]
81948,['5.72']
81949,['7.800']
81950,[]
81951,['6.14']
81958,['3.38']
81977,['16.30']
82026,[]
82114,['8.06']
82146,['5.00']
82237,['3.38']
82296,['7.02']
82299,['2.6']
82301,['9.62']
82302,['2.34']
82303,['7.02']
82304,['3.38']
82305,['3.12']
82306,['7.28']
82307,['9.62']
82308,['3.9']
82309,['3.12']
82310,['4.16']
82427,[]
82441,['4.68']
82444,['3.38']
82446,['3.64']
82447,['3.64']
82448,['3.64']
82449,['11.44']
82450,['9.1']
82451,['10.4']
82454,['2.6']
82456,['7.28']
82457,['2.6']
82534,['10.14']
82536,['3.12']
82538,['6.24']
82539,['4.42']
82543,['6.5']
82546,['5.2']
82547,['4.16']
82548,['4.16']
82570,[]
82573,['3.380']
82578,[]
82702,['7.95']
82707,['3.12']
82708,['2.08']
82741,[]
82747,['4.42']
82748,['2.7']
82782,['2.34']
82783,['5.720']
82789,['6.63']
82790,['5.125']
82822,['5.3']
82827,[]
82831,[]
82958,['4.24']
83006,[]
83069,['8.58']
83070,['4.94']
83071,['6.24']
83072,['5.2']
83145,[]
83148,[]
83149,[]
83156,['8.320']
83209,[]
83211,[]
83248,['5.98']
83249,['4.680']
83361,[]
83384,[]
83536,['3.120']
83538,['6.0']
83540,['7.5']
83543,['19.5']
83581,[]
83662,['5.720']
83664,['2.86']
83665,['10.14']
83666,['9.880']
83668,['7.800']
83669,['7.800']
83703,['4.505']
83707,[]
83747,[]
83844,['5.2']
83846,['6.5']
83957,['5.2']
83963,['7.280']
83964,['4.420']
83975,['5.720']
83978,['4.68']
84002,['8.48']
84050,['30.78']
84055,['7.395']
84116,['26.9']
84131,[]
84132,[]
84307,[]
84326,['6.12']
84328,['9.69']
84329,[]
84337,['4.69']
84346,['5.775']
84348,['4.95']
84351,['8.68']
84353,['4.40']
84354,['7.15']
84405,[]
84422,[]
84434,['7.7']
84447,['4.2']
84479,[]
84493,['4.75']
84515,[]
84573,['2.6']
84577,['3.380']
84579,['4.25']
84580,['3.900']
84581,[]
84585,['3.25']
84594,['2.080']
84671,['7.41']
84681,[]
84746,['8.840']
84768,['5.460']
84769,[]
84770,['4.94']
84771,['8.060']
84789,['2.600']
84811,['4.940']
84841,['4.420']
84857,['5.2']
84858,[]
84916,['6.24']
84926,['6.867']
84927,['7.52']
84928,['7.52']
85025,['11.10']
85043,['4.42']
85063,['4.160']
85083,['4.75']
85100,['4.420']
85101,['2.805']
85130,['4.940']
85171,['3.900']
85217,['3.71']
85262,['7.15']
85264,['5.225']
85271,['4.940']
85272,['3.120']
85299,['3.64']
85300,['4.68']
85303,['2.6']
85306,['6.760']
85402,[]
85403,['4.20']
85427,['7.020']
85430,['4.940']
85530,['3.08']
85532,['6.12']
85550,['11.59']
85576,['8.060']
85616,['6.760']
85633,['3.575']
85634,['5.6']
85681,['3.57']
85686,['4.160']
85687,['4.940']
85812,[]
85988,['5.200']
85989,['12.480']
86019,['5.460']
86021,['3.640']
86028,['3.380']
86090,[]
86107,['5.04']
86159,['8.58']
86167,['4.16']
86172,['9.360']
86194,['6.5']
86196,['5.200']
86238,['6.25']
86239,[]
86240,['3.31']
86241,['10.25']
86247,[]
86261,[]
86386,[]
86405,['3.020']
86428,[]
86431,['5.720']
86450,['4.420']
86456,[]
86499,['4.895']
86503,['6.375']
86504,['8.67']
86527,['4.160']
86528,['8.060']
86529,['4.13']
86539,"['3.975', '8307.75', '5815.42']"
86541,[]
86649,['2.805']
86781,['4.94']
86783,['3.640']
86843,['3.06']
86846,['6.76']
87064,[]
87089,['9.010']
87110,[]
87111,[]
87131,['10.455']
87176,['3.38']
87198,['3.57']
87237,['4.680']
87243,"['3.18', '646.20', '652.34']"
87257,['5.35']
87261,"['4.24', '861.60', '203.12']"
87262,['9.945']
87269,"['4.77', '969.30', '978.51']"
87271,['4.08']
87272,['4.505']
87314,['4.08']
87328,['4.940']
87354,['2.04']
87416,['2.860']
87418,['3.570']
87422,['4.500']
87453,['4.5']
87458,['3.06']
87470,['5.200']
87521,['2.860']
87543,['6.855']
87557,['7.14']
87623,['9.8']
87624,['3.64']
87786,['7.14']
87787,['8.16']
87789,['4.08']
87838,['5.035']
87904,['5.980']
87962,['7.14']
87999,[]
88021,['4.59']
88032,['7.280']
88053,['3.975']
88129,['8.67']
88135,['4.48']
88204,['6.63']
88205,['6.375']
88217,['6.750']
88267,['5.13']
88273,['4.08']
88288,['3.18']
88358,[]
88364,['5.61']
88367,['5.20']
88386,['6.24']
88413,['7.14']
88414,['3.6']
88434,[]
88458,['6.12']
88490,['5.1']
88498,[]
88521,['3.640']
88562,['9.945']
88614,['8.415']
88615,['2.805']
88616,['4.59']
88646,['3.60']
88647,['10.36']
88669,['5.3']
88670,['6.3']
88671,['5.3']
88673,['2.295']
88774,['6.12']
88896,[]
88899,['6.12']
88920,[]
89059,['6.885']
89084,['5.30']
89136,['5.61']
89156,['4.59']
89160,['3.4']
89161,[]
89193,['6.63']
89272,['3.315']
89339,['6.375']
89358,[]
89371,['2.55']
89372,['6.12']
89374,['5.98']
89391,[]
89447,[]
89507,['4.335']
89508,['2.805']
89512,['2.295']
89513,['9.945']
89517,['14.3']
89531,['5.200']
89577,[]
89632,['4.605']
89662,['4.94']
89688,['4.94']
89692,[]
89714,['4.420']
89796,['5.61']
89854,[]
89855,[]
89862,['2.08']
89927,['10.4']
90015,['5.72']
90046,['9.62']
90111,['5.30']
90153,"['32.55', '15.0']"
90176,['8.5']
90250,[]
90299,[]
90302,['2.06']
90303,['5.2']
90342,['12.48']
90416,['10.4']
90536,[]
90554,['6.24']
90595,['4.42']
90633,[]
90675,['8.84']
90681,['7.28']
90697,[]
90716,['9.5']
90717,['4.24']
90872,['6.60']
90953,['11.76']
90959,['3.12']
90961,['2.86']
90967,['2.6']
91164,[]
91186,['3.18']
91200,['5.35']
91456,[]
91471,[]
91565,['4.94']
91566,['5.26']
91567,['4.94']
91583,['8.21']
91630,[]
91633,['5.2']
91676,[]
91809,['4.845']
91814,[]
91841,[]
91875,['4.16']
91903,[]
92190,['4.77']
92229,['24.3']
92377,['5.8']
92444,['4.05']
92494,[]
92690,['2.915']
92691,[]
92781,['3.71']
92857,['6.63']
92990,[]
93091,[]
93128,['3.2']
93152,['4.51']
93208,['5.8']
93220,[]
93281,['4.76']
93335,['4.24']
93348,[]
93377,['7.95']
93390,['3.112']
93393,['8.48']
93400,['5.03']
93408,[]
93437,[]
93442,['6.36']
93443,['3.71']
93446,['3.445']
93502,['6.095']
93504,['3.18']
93586,['4.24']
93608,[]
93747,['5.88']
93770,[]
93775,[]
93816,['4.68']
93869,[]
93933,[]
93934,[]
93973,['3.3']
94025,['9.36']
94040,[]
94224,[]
94257,['6.89']
94260,['7.5']
94274,['7.2']
94279,['2.85']
94294,[]
94447,[]
94519,[]
94524,[]
94547,[]
94561,[]
94613,[]
94651,['8.12']
94665,['3.12']
94666,[]
94748,['5.1']
94873,['8.84']
94880,['14.04']
94881,['4.42']
95099,['2.6']
95147,[]
95193,['8.82']
95239,['9.975']
95267,['496.47']
95272,['3.9']
95362,[]
95363,[]
95422,[]
95440,['4.05']
95461,['4.16']
95511,['4.69']
95546,[]
95548,[]
95568,[]
95712,[]
95735,['5.04']
95768,['6.84']
95785,[]
95875,['3.38']
95883,['6.76']
95899,['3.9']
95961,[]
95995,['5.2']
96030,['6.44']
96038,['5.7']
96048,['4.8']
96057,['25.20']
96058,['8.12']
96059,['18.2']
96060,['18.2']
96065,['6.3']
96067,[]
96081,[]
96091,['5.67']
96092,['7.245']
96191,[]
96212,['7.125']
96262,['6.76']
96316,['9.36']
96321,['10.08']
96322,['9.405']
96323,['7.54']
96381,['7.15']
96388,['6.9']
96389,['3.12']
96390,['3.8']
96391,['8.97']
96403,[]
96443,['85.8']
96463,['3.38']
96466,['5.355']
96481,['9.6']
96483,['9.92']
96496,['10.14']
96567,['5.04']
96606,['9.88']
96607,['9.88']
96609,['5.94']
96610,['4.32']
96616,['4.42']
96627,['8.82']
96635,[]
96638,['2.08']
96698,['4.94']
96700,['5.2']
96702,['4.68']
96711,['4.16']
96714,['6.76']
96720,['10.24']
96773,[]
96774,[]
96825,[]
96867,['6.3']
96870,['5.72']
96972,[]
97015,[]
97034,['2.34']
97036,['4.94']
97037,['4.48']
97039,['13.44']
97041,['3.5']
97044,['3.36']
97047,['7.28']
97048,['6.5']
97103,['3.64']
97162,[]
97165,['3.92']
97297,['12.24']
97298,[]
97314,['9.45']
97342,[]
97345,[]
97404,['5.7']
97419,['7.56']
97420,['6.72']
97421,['5.6']
97423,['3.92']
97558,['11.655']
97573,['2.835']
97675,['8.12']
97883,['12.04']
97886,['3.64']
97949,[]
97952,[]
97953,[]
97988,['3.82']
98006,[]
98060,[]
98061,[]
98066,['5.32']
98079,['5.7']
98091,[]
98183,['30.21']
98184,['44.46']
98185,['33.63']
98186,['37.62']
98190,[]
98191,['61.25']
98201,['6.21']
98244,['6.84']
98261,[]
98332,['34.02']
98349,['13.32']
98351,['6.615']
98353,['4.76']
98354,['6.16']
98397,['3.48']
98430,[]
98544,['3.77']
98594,['9.3']
98637,['7.9']
98662,['3.64']
98706,['2.4']
98722,['6.27']
98802,['5.035']
98822,[]
98853,['4.06']
98869,['6.3']
98880,['2.8']
98977,['6.84']
99115,['6.6']
99128,[]
99190,['5.22']
99195,['2.4']
99236,[]
99259,['51.52']
99284,['12.825']
99324,['11.97']
99358,['7.29']
99392,['5.13']
99417,[]
99435,['2.9']
99466,['3.6']
99469,['4.7']
99545,['13.8']
99549,['6.3']
99653,['2.12']
99685,['2.61']
100004,['4.76']
100029,['2.52']
100032,['3.3']
100069,['3.85']
100074,[]
100094,['10.2']
100098,['8.7']
100161,['2.24']
100162,['14.7']
100214,['3.6']
100268,['12.9']
100330,['4.55']
100354,[]
100367,[]
100368,[]
100369,[]
100374,['3.92']
100398,['7.84']
100420,[]
100489,['6.3']
100491,['3.08']
100500,[]
100542,['2.24']
100579,['8.505']
100585,['4.48']
100586,['5.04']
100668,['9.483']
100699,['3.6']
100745,['4.5']
100746,['7.2']
100747,['5.415']
100764,['3.99']
100769,['4.48']
100807,['5.32']
100866,['4.56']
100878,['7.84']
100881,['2.52']
100883,['3.92']
100887,['3.64']
100903,['2.24']
100913,['3.64']
100914,['4.76']
100916,[]
100936,['6.70']
100966,['5.04']
100970,['5.6']
101003,['4.64']
101013,['5.8']
101071,['6.16']
101091,['4.48']
101092,['3.08']
101197,[]
101269,['5.6']
101270,['6.16']
101275,['6.44']
101277,['3.64']
101289,['2.4']
101310,['5.44']
101382,['5.32']
101428,['5.6']
101429,['7.84']
101495,['5.2']
101510,['6.555']
101584,[]
101636,['6.72']
101637,['10.385']
101687,['4.56']
101731,['3.6']
101749,['6.72']
101774,[]
101776,['4.06']
101818,['5.415']
101851,['8.45']
101876,['2.32']
101907,['7.695']
101910,['2.4']
101922,['4.35']
101995,['4.2']
102012,['5.8']
102244,['8.19']
102342,['10.7']
102394,['6.6']
102434,['12.88']
102470,[]
102476,['6.5']
102520,['4.2']
102579,[]
102635,['6.27']
102649,['5.2']
102673,['5.04']
102729,['10.26']
102817,['2.24']
102819,['7.56']
102820,['6.16']
102887,['3.25']
103113,['3.08']
103114,['3.36']
103149,['6.7']
103157,"['3.33', '4.44']"
103186,['8.265']
103193,['5.8']
103235,['4.2']
103237,['12.18']
103240,['4.64']
103270,['3.48']
103286,['4.8']
103322,[]
103349,['11.04']
103465,['4.8']
103556,[]
103611,['10.23']
103614,['12.06']
103653,['8.94']
103659,['4.02']
103742,['4.845']
103748,['5.4']
103895,['10.545']
103901,['6.96']
103904,['3.48']
103906,['9.86']
103936,['7.54']
103942,['5.559']
103955,['3.20']
103958,['5.8']
103972,['9.28']
104028,['10.72']
104092,['4.5']
104101,[]
104197,['7.56']
104198,['11.48']
104272,[]
104283,['24.75']
104320,['4.56']
104321,['4.8']
104352,[]
104398,['5.4']
104453,[]
104460,['10.83']
104461,['3.42']
104471,['8.41']
104483,['2.28']
104484,['5.13']
104510,['4.35']
104542,['6.27']
104589,['8.64']
104592,['4.8']
104631,['7.41']
104660,['2.8']
104705,['3.3']
104725,[]
104736,['6.555']
104835,['5.4']
104904,['9.12']
104979,['7.8']
105019,['4.2']
105057,['4.48']
105096,['6.16']
105121,[]
105205,['9.69']
105225,['7.5']
105226,['1.95']
105321,['17.98']
105339,['5.94']
105361,['5.415']
105362,['6.555']
105423,['3.2']
105432,[]
105445,['3.42']
105446,['5.985']
105468,['10.36']
105507,['3.99']
105539,['13.11']
105546,[]
105581,['7.475']
105583,['5.525']
105682,['7.36']
105684,[]
105690,['6.555']
105723,['8.38']
105724,['5.72']
105739,['9.975']
105779,['9.52']
105813,['9.66']
105819,['4.275']
105871,['10.36']
105872,['10.36']
105960,['4.55']
105968,['4.28']
106057,['6.27']
106226,['3.19']
106243,['3.5']
106244,['4.8']
106325,['7.2']
106444,['5.51']
106567,['3.08']
106595,['5.51']
106637,[]
106643,['6.67']
106668,['7.37']
106680,['4.93']
106681,['11.31']
106682,['4.06']
106754,['4.64']
106799,['5.04']
106800,['6.44']
106821,[]
106847,['7.245']
106867,['5.8']
106908,['6.035']
106912,['6.62']
106921,['10.15']
106922,[]
106998,['17.98']
107009,['11.6']
107010,['2.24']
107066,[]
107122,['66.6']
107145,['10.15']
107170,['8.4']
107178,['5.36']
107251,[]
107254,[]
107284,[]
107294,[]
107322,[]
107401,[]
107410,['8.5']
107484,['4.64']
107578,['5.670']
107580,['7.84']
107581,['7.28']
107582,['5.48']
107589,[]
107693,[]
107702,['6.67']
107704,['4.675']
107826,['4.8']
107896,['12.73']
107898,['3.015']
107913,['8.1']
107923,['4.64']
107995,[]
108045,['5.5']
108056,['3.36']
108057,['10.44']
108066,['3.2']
108099,['16.24']
108164,['7.83']
108177,['4.06']
108178,['8.7']
108184,['10.05']
108186,['431.87']
108471,[]
108541,['16.82']
108566,['6.37']
108640,['4.08']
108680,['6.555']
108685,[]
108747,['6.09']
108748,['2.32']
108780,['24.85']
108794,['24.92']
108927,[]
108994,['4.90']
108998,['8.4']
109038,['7.2']
109041,['5.1']
109045,['7.8']
109064,"['5.85', '13.5']"
109141,['11.375']
109172,[]
109188,[]
109292,['12.095']
109324,['11.890']
109351,['9.0']
109386,['8.32']
109415,['29.5']
109481,[]
109680,['12.09']
109722,['9.57']
109835,['4.02']
109862,['4.060']
109928,['6.48']
110013,['4.55']
110066,['6.38']
110067,['2.23']
110068,[]
110123,['3.77']
110166,['3.92']
110167,['6.44']
110174,['2.95']
110208,['8.4']
110210,['11.21']
110226,['3.245']
110242,['6.09']
110251,[]
110284,['5.32']
110398,[]
110528,['7.92']
110538,['4.93']
110559,[]
110588,[]
110620,['3.64']
110634,['9.15']
110673,['5.7']
110678,[]
110713,['8.12']
110741,['4.2']
110877,['7.08']
110908,['7.35']
111230,['4.32']
111272,['4.68']
111349,[]
111350,[]
111351,[]
111393,[]
111492,[]
111934,['19.52']
112253,[]
112268,[]
112395,[]
112403,[]
112713,['50.96']
112714,['15.51']
112715,['15.51']
112716,['12.925']
112717,['15.51']
112718,['28.665']
112874,[]
112895,[]
113336,['6.5']
113948,['369.8']
114205,['3.84']
114216,['5.85']
114808,[]
120685,[]
139168,[]
150153,[]
159973,[]
167378,[]
167696,[]
169313,[]
208270,[]
215126,[]
215496,[]
215652,[]
215653,[]
215925,[]
217277,[]
220603,[]
221006,[]
221473,[]
222259,[]
222995,[]
223357,[]
224123,[]
224327,[]
224853,[]
225199,[]
229309,[]
230184,[]
232656,[]
236170,[]
237134,[]
242740,[]
242741,[]
242742,[]
243876,[]
244376,[]
244394,[]
246108,[]
247755,[]
254800,[]
255708,[]
256068,[]
259315,[]
260145,[]
262056,[]
262639,[]
262766,[]
263103,[]
263217,[]
264513,[]
264919,['4.8']
264920,['5.2']
264922,['4.7']
265012,[]
265101,[]
265380,['4.31']
265627,[]
265767,[]
265768,[]
265769,[]
266045,[]
266046,[]
266255,[]
266443,[]
266462,['5.64']
266467,[]
266508,[]
266509,[]
266510,[]
266537,[]
266539,[]
266749,[]
266807,[]
266808,[]
266810,[]
266829,[]
266946,[]
267110,[]
267111,[]
267112,[]
267496,[]
267577,[]
267646,[]
267790,[]
267793,[]
267794,[]
267809,[]
267810,[]
267811,[]
267812,[]
267813,[]
268152,[]
268171,[]
268270,['3.8']
268278,[]
268392,[]
268393,[]
268394,[]
268396,[]
268397,[]
268399,[]
268400,[]
268417,[]
268488,[]
268490,[]
268888,[]
268984,[]
269102,[]
269103,[]
269104,[]
269163,[]
269164,[]
269200,[]
269203,[]
269296,[]
269300,[]
269303,[]
269574,[]
269579,[]
269581,[]
269582,[]
269596,[]
269829,[]
269951,[]
270125,['2.1']
270340,[]
270341,[]
270343,[]
270344,[]
270346,[]
270347,[]
270350,[]
270352,[]
270364,[]
270365,[]
270381,[]
270382,[]
270406,['5.64']
270408,[]
270648,[]
270666,[]
270689,['3.5']
270691,['7.5']
270693,[]
270724,[]
270738,[]
270745,['3.5']
270746,[]
270758,[]
270759,[]
270760,[]
270840,['3.5']
270956,[]
270957,[]
270959,[]
270960,[]
271043,[]
271045,[]
271059,[]
271156,[]
271176,[]
271255,[]
271603,[]
271788,[]
271823,[]
272018,[]
272137,[]
272242,[]
272253,[]
272289,[]
272290,[]
272333,[]
272545,[]
272639,[]
272641,[]
272726,['3.6']
273132,[]
273135,[]
273193,[]
273215,['2.88']
273241,[]
273268,[]
273299,[]
273303,[]
273336,[]
273346,['6.5']
273427,[]
273460,[]
273516,[]
273518,[]
273838,[]
274042,[]
274257,[]
274425,[]
274454,[]
274515,[]
274516,[]
274661,[]
274699,[]
274805,[]
274870,[]
274927,[]
274949,[]
275004,[]
275113,[]
275325,[]
275384,[]
275385,[]
275423,[]
275593,[]
275595,[]
275654,[]
275792,[]
275801,[]
275808,[]
275809,[]
275814,[]
275860,[]
275889,[]
275976,[]
276015,[]
276022,['5.5']
276025,['3.99']
276269,[]
276429,[]
276476,[]
276478,[]
276480,[]
276499,[]
276500,[]
276670,[]
276687,['2.49']
276930,[]
276931,[]
276966,[]
276970,[]
276972,[]
277038,[]
277045,[]
277054,[]
277055,[]
277058,[]
277059,[]
277062,[]
277063,[]
277164,[]
277171,[]
277247,[]
277272,[]
277274,[]
277284,[]
277479,[]
277506,[]
277510,[]
277759,[]
277793,[]
277818,[]
277875,[]
277977,[]
277987,[]
277988,[]
278127,['3.920']
278128,[]
278129,[]
278138,['1.96']
278156,[]
278223,[]
278224,[]
278305,[]
278306,[]
278330,[]
278442,[]
278452,[]
278455,[]
278492,[]
278495,[]
278510,[]
278539,[]
278739,['3.675']
278788,[]
278837,[]
278946,['5.76']
279022,['3.36']
279055,['3.675']
279059,['9.800']
279060,['6.860']
279180,[]
279193,['2.940']
279214,[]
279305,['4.8']
279405,[]
279458,['3.92']
279459,['2.94']
279521,[]
279553,['1.715']
279557,[]
279661,[]
279670,[]
279729,[]
279735,[]
279736,[]
279739,[]
279740,[]
279808,['7.5']
279855,[]
279871,[]
279895,[]
279914,['3.5']
279936,[]
279937,[]
279939,[]
279966,['2.940']
279967,['4.900']
279968,['7.350']
279969,['6.125']
280010,[]
280012,[]
280253,[]
280270,['3.920']
280367,[]
280526,[]
280531,[]
280534,[]
280559,[]
280563,[]
280591,[]
280689,[]
280726,[]
280789,[]
280827,[]
281024,[]
281142,[]
281145,[]
281148,[]
281216,[]
281302,['5.145']
281306,['3.75']
281321,[]
281367,['3.92']
281428,[]
281429,[]
281501,[]
281524,['3.675']
281533,[]
281655,['4.410']
281754,[]
281942,[]
281989,['4.410']
281990,[]
282236,[]
282263,[]
282397,[]
282422,[]
282439,[]
282549,[]
282754,['4.900']
282899,['4.25']
283196,['4.5']
283263,['5.880']
283265,['5.232']
283315,[]
283584,['4.900']
283629,[]
283659,[]
283715,['2.940']
283905,['5.886']
284033,['5.880']
284137,['5.390']
284362,['3.920']
284391,['3.430']
284710,['7.370']
284712,['9.380']
284751,[]
284817,['3.920']
284994,['6.5']
285675,['3.685']
286244,[]
287274,['3.350']
287449,['3.350']
287720,['4.020']
287917,['3.430']
288192,['4.75']
288226,[]
288551,[]
288680,[]
288897,['5.025']
288916,[]
289481,['6.700']
289482,['7.705']
289500,[]
289635,['3.350']
289894,['3.350']
289895,['5.360']
289896,['6.365']
290058,[]
290090,['4.020']
290092,['4.355']
290851,[]
290885,['5.360']
291036,['3.675']
291037,['3.350']
291038,['6.365']
291046,['3.685']
291095,[]
291163,[]
291230,[]
291295,['5.360']
291457,[]
291520,['5.025']
291655,[]
291712,['3.350']
291765,['4.690']
291780,['4.25']
291960,['5.025']
291962,['7.370']
291969,[]
292180,[]
292294,['4.020']
292295,['5.360']
292298,['3.350']
292300,['6.030']
292301,['4.020']
292303,['5.025']
292359,['4.75']
292453,['4.020']
292454,['4.355']
292456,['3.350']
292457,['5.025']
292459,['5.695']
292679,['5.360']
292681,['4.690']
292712,[]
293097,['4.6']
293198,[]
293217,[]
293220,['4.355']
293221,['7.370']
293222,['4.355']
293223,['3.350']
293224,['5.025']
293225,['4.690']
293295,['7.035']
293296,['9.000']
293297,['2.940']
293312,['3.685']
293313,['3.350']
293316,['6.700']
293343,[]
293532,['3.685']
293534,['3.350']
293535,['3.685']
293546,['4.020']
293551,['3.685']
293553,['6.700']
293629,['5.360']
293630,['4.355']
293706,[]
293708,[]
293713,['6.030']
293777,['5.025']
293778,['3.350']
293779,['4.020']
293844,[]
293953,['9.045']
293956,['6.030']
293958,['6.700']
293959,['4.020']
293960,['4.020']
293962,['4.355']
293963,['3.350']
293965,['3.920']
293993,['3.685']
294122,[]
294190,[]
294233,['5.025']
294234,['5.695']
294235,['3.675']
294270,['9.045']
294272,['5.200']
294273,['3.350']
294338,['4.690']
294339,['5.360']
294463,['1.9']
294618,[]
294723,[]
294921,['3.350']
295068,['5.360']
295113,"['700.00', '16800.00', '17500.00']"
295119,[]
295145,[]
295207,['3.120']
295593,['4.330']
295616,['8.375']
295618,['3.35']
295707,[]
295734,['4.600']
295797,[]
295834,[]
295843,[]
295846,[]
295862,[]
295886,[]
295935,[]
295947,[]
296014,['3.350']
296027,['3.350']
296029,['3.920']
296213,[]
296354,[]
296390,[]
296524,[]
296616,['3.350']
296684,[]
296813,[]
296831,['3.685']
296833,['5.025']
296834,['3.685']
297058,[]
297099,[]
297130,[]
297184,['5.880']
297569,[]
297651,['3.350']
297691,['7.035']
297765,[]
297767,[]
298029,[]
298054,['3.430']
298057,['4.410']
298059,['2.940']
298060,['4.900']
298094,[]
298138,[]
298378,[]
298469,[]
298470,[]
298471,[]
298472,[]
298579,[]
298586,['3.350']
298588,['3.350']
298902,[]
298957,[]
298958,[]
299056,[]
299057,[]
299076,[]
299328,[]
299459,[]
299500,['3.350']
299501,['3.350']
299503,['5.695']
299551,['1.750']
299552,['6.490']
299807,[]
299940,[]
300239,[]
300321,['2.940']
300323,['6.00']
300324,['4.410']
300325,['5.025']
300328,['6.490']
300442,[]
300468,['4.690']
300544,[]
300546,[]
300550,[]
300556,[]
300561,[]
300627,[]
300630,[]
300633,[]
300634,[]
300999,['3.350']
301000,['5.360']
301107,['4.335']
301110,['6.0']
301113,['3.06']
301115,['4.59']
301116,['7.75']
301120,['5.355']
301121,['2.5']
301298,['3.25']
301301,['3.315']
301304,['6.5']
301307,['3.315']
301587,[]
301602,['5.145']
301613,['3.920']
301705,['5.25']
301930,['5.61']
301949,['3.06']
301956,['3.57']
301965,['4.59']
301967,['7.5']
301993,[]
302002,['4.500']
302004,['8.575']
302013,['3.00']
302374,[]
302404,['7.905']
302405,['6.63']
302547,[]
302746,['5.355']
302747,['5.1']
302748,['4.08']
302780,[]
302786,['4.655']
302791,['5.880']
302792,['5.400']
302824,['3.315']
302825,['5.61']
302827,['3.825']
302830,['6.63']
302834,['4.845']
302835,['4.845']
303054,[]
303127,['4.800']
303128,['4.800']
303129,['4.800']
303178,['4.59']
303179,['3.825']
303181,['2.55']
303183,['2.805']
303184,['2.805']
303185,['4.59']
303187,['4.845']
303354,['5.61']
303358,['3.06']
303362,['4.08']
303363,['4.08']
303384,['2.805']
303392,['5.5']
303394,['4.5']
303457,['3.570']
303541,['4.845']
303585,[]
303857,['4.335']
303860,['2.295']
303863,['3.06']
303864,['4.845']
303868,['4.335']
303872,['3.06']
303882,['3.500']
303971,['5.3']
304068,"['9.945', '0212096.00']"
304070,['3.825']
304071,['2.295']
304072,['5.865']
304073,['4.08']
304074,['5.1']
304378,['4.355']
304385,['2.75']
304404,['9.435']
304406,['8.925']
304410,['5.865']
304412,['3.57']
304413,['4.335']
304414,['4.845']
304415,['9.945']
304416,['11.73']
304486,['4.590']
304545,['2.5']
304670,['3.315']
304671,['2.805']
304702,[]
304739,['3.825']
304740,['6.12']
304741,['7.905']
304941,['9.945']
305257,['2.295']
305258,['6.375']
305259,['4.335']
305264,['6.63']
305282,['12.24']
305413,[]
305476,[]
305492,['5.100']
305712,['3.430']
305741,['3.825']
305786,['5.500']
305900,[]
305903,['2.04']
305947,['4.800']
305948,['4.355']
305950,['5.100']
305954,['4.335']
305961,['4.59']
305972,['5.355']
305975,[]
306153,[]
306174,[]
306175,['2.2']
306179,['5.610']
306203,[]
306229,[]
306232,[]
306321,[]
306614,['0.60']
306643,['7.500']
306781,['5.1']
306875,['3.315']
306877,['6.600']
306892,[]
306894,['2.295']
306896,['5.61']
306900,['2.805']
306907,['2.295']
306908,['4.59']
306954,[]
307048,[]
307234,['3.315']
307236,['7.395']
307237,['10.455']
307239,['7.905']
307240,['6.12']
307242,['3.825']
307384,[]
307443,"['663.00', '15912.00', '16575.00']"
307666,[]
307668,[]
307700,[]
307709,['3.5']
307753,['5.040']
308058,[]
308060,[]
308285,['2.75']
308566,[]
308622,['5.25']
308625,['3.060']
308645,[]
308668,['5.700']
308944,[]
309170,['5.610']
309175,['4.080']
309177,['4.500']
309233,['3.825']
309235,['5.1']
309270,[]
309312,['6.630']
309348,[]
309366,['3.06']
309367,['2.85']
309369,['4.08']
309371,['5.1']
309372,['3.43']
309376,['3.315']
309379,['4.9']
309397,['4.08']
309519,['3.185']
309520,['5.39']
309521,['2.45']
309555,[]
309559,[]
309569,[]
309643,['3.92']
309648,[]
309650,[]
309716,['4.41']
309718,['2.205']
309837,['5.53']
309839,['4.9']
309842,['5.145']
309920,['9.625']
309959,['5.865']
309960,['4.800']
309961,['5.355']
309962,['5.225']
309977,['4.655']
309980,['4.655']
310014,['3.5']
310096,['5.39']
310097,['2.55']
310145,[]
310246,['4.41']
310247,[]
310288,['5.100']
310304,['5.635']
310313,['3.675']
310328,['4.590']
310381,['3.92']
310549,['3.675']
310672,['3.43']
310673,['4.41']
310723,['6.37']
310795,['4.165']
310884,[]
311096,['4.41']
311098,['4.75']
311142,['5.39']
311146,['3.25']
311190,[]
311294,['3.75']
311298,"['3.75', '5.25']"
311380,['4.5']
311384,['2.555']
311555,['4.5']
311744,['4.5']
311751,[]
311752,['4.25']
311754,['5.25']
311756,['5.5']
311851,[]
311990,['7.350']
312032,['4.75']
312046,['2.75']
312049,[]
312160,['4.800']
312376,[]
312383,['6.125']
312404,['5.98']
312405,['5.23']
312409,['5.25']
312411,['6.25']
312458,[]
312524,['4.080']
312525,['5.610']
312526,['4.080']
312527,['5.355']
312551,[]
312568,['3.5']
312573,['4.8']
312592,['2.75']
312595,['2.5']
312675,['4.5']
312812,[]
312813,['5.64']
312942,['5.98']
312945,['2.6']
312946,['9.5']
312952,[]
312954,['4.68']
312955,[]
313257,['4.42']
313261,['3.12']
313262,['3.5']
313264,['6.5']
313276,['4.5']
313312,['4.68']
313421,['5.98']
313464,['3.12']
313465,['5.98']
313468,['5.98']
313470,['6.24']
313561,['7.02']
313564,['8.58']
313569,['6.5']
313576,['4.94']
313657,['6.750']
313728,[]
313747,['7.54']
313748,['5.2']
313750,['9.36']
313751,['3.9']
313754,['4.42']
313755,['7.02']
313757,['5.72']
314065,['5.72']
314067,['4.68']
314070,['4.42']
314071,['3.9']
314072,['6.25']
314074,['4.42']
314352,['7.521']
314421,[]
314422,['3.64']
314424,['5.72']
314426,['2.34']
314600,['3.64']
314603,['9.1']
314605,['2.86']
314607,['4.42']
314610,['5.2']
314816,['5.98']
314820,['4.42']
314850,[]
314864,['7.54']
314868,['2.86']
314869,['4.68']
314870,['3.9']
314871,['5.2']
314875,['3.5']
314876,['2.86']
314877,['3.38']
314879,['5.46']
314880,['6.76']
314881,['6.76']
314885,['5.2']
314886,['3.12']
314900,['3.060']
314939,['4.2']
315031,['3.64']
315101,[]
315176,['2.08']
315181,['7.28']
315296,['3.0']
315465,['6.5']
315468,['5.2']
315469,['5.2']
315470,['5.2']
315472,['4.42']
315473,['4.68']
315474,['3.38']
315482,['5.46']
315484,['3.9']
315486,['3.64']
315632,['7.02']
315634,['7.02']
315636,['2.34']
315638,['5.2']
315640,['2.86']
315641,['6.5']
315642,['5.46']
315650,['2.08']
315658,['3.36']
315729,['4.0']
315730,['2.0']
315733,['4.680']
315775,['4.94']
315786,['4.05']
315977,['4.42']
315988,['5.46']
315989,['3.38']
315991,['2.08']
316360,['6.5']
316361,['3.38']
316366,[]
316544,[]
316549,['26.0']
316589,['2.5']
316605,[]
316624,['3.9']
316627,['4.42']
316637,['3.9']
316838,['6.24']
316899,[]
316947,['7.28']
316949,['5.98']
316950,['8.58']
316961,[]
316994,['6.5']
317208,['5.2']
317277,['2.6']
317294,['5.98']
317404,['3.38']
317424,['7.8']
317433,['2.34']
317434,['6.24']
317439,['4.16']
317481,['3.38']
317482,['5.46']
317484,['3.64']
317485,['6.5']
317487,['3.38']
317502,['5.46']
317505,['3.64']
317507,[]
317515,['3.850']
317516,['9.350']
317597,['5.250']
317622,['3.38']
317623,['9.75']
317625,['3.12']
317626,['7.8']
317627,[]
317685,['2.6']
317686,['4.16']
317688,['4.68']
317699,[]
317713,['3.300']
317716,['3.900']
317772,[]
317773,[]
317812,['5.72']
317814,['11.7']
317817,['7.02']
317819,['3.38']
317821,['5.2']
317822,['7.28']
317840,['17.54']
317842,['2.86']
317844,['3.38']
317845,['2.6']
317846,['5.72']
317849,['9.62']
317859,['5.72']
317889,[]
317891,[]
317985,['4.94']
318038,['4.94']
318052,['4.16']
318054,['2.86']
318075,['9.36']
318144,['8.58']
318216,['7.54']
318217,['3.64']
318257,[]
318293,['5.98']
318298,['2.6']
318301,['14.3']
318304,['6.24']
318307,['3.9']
318308,['4.68']
318309,['4.94']
318311,['5.2']
318313,['2.86']
318373,[]
318509,['8.84']
318537,['10.4']
318539,['3.12']
318540,['3.12']
318541,['3.9']
318548,['6.76']
318620,['3.12']
318654,['6.36']
318679,['6.0']
318801,[]
318811,['3.9']
318812,['3.9']
318822,[]
318844,['2.86']
318845,['4.68']
318849,['5.72']
318854,[]
318889,[]
318898,['8.06']
318900,['11.96']
318901,['3.38']
318908,['9.88']
319046,['2.86']
319047,['7.28']
319065,['11.44']
319070,['5.98']
319075,['7.28']
319077,['2.6']
319079,['3.38']
319082,['4.94']
319091,['7.28']
319190,['3.0']
319192,['4.86']
319193,['9.18']
319209,['7.02']
319217,['7.8']
319262,['5.3']
319296,['11.18']
319298,['5.2']
319300,['5.72']
319301,['5.2']
319436,['7.54']
319438,[]
319440,['3.64']
319441,['5.98']
319443,['9.88']
319484,['2.6']
319497,[]
319506,[]
319544,[]
319591,['5.72']
319594,[]
319595,['7.800']
319599,['3.38']
319735,['3.12']
319747,['8.06']
319804,['5.0']
319807,['7.20']
319908,['3.38']
319999,['7.02']
320014,['2.6']
320016,['9.62']
320017,['2.34']
320018,['7.02']
320020,['3.38']
320023,['3.12']
320024,['7.28']
320025,['9.62']
320028,['3.9']
320029,['3.12']
320030,['4.16']
320147,[]
320181,['4.68']
320183,['3.38']
320185,['3.64']
320186,['3.64']
320187,['3.64']
320188,['11.44']
320189,['9.1']
320190,['10.4']
320192,['2.6']
320193,['7.28']
320194,['2.6']
320326,['10.14']
320327,['3.12']
320330,['10.66']
320351,['6.5']
320361,['5.2']
320362,['4.16']
320363,['4.16']
320395,['7.8']
320405,['3.380']
320548,['7.95']
320559,['2.08']
320614,['4.42']
320674,['6.5']
320680,['2.7']
320688,['2.34']
320690,['5.720']
320696,[]
320702,[]
320777,['5.3']
320779,[]
320922,['4.24']
320969,[]
321030,[]
321043,['3.03']
321090,['8.58']
321091,['4.94']
321092,['6.24']
321093,['5.2']
321137,[]
321174,[]
321213,[]
321215,[]
321218,[]
321225,['8.320']
321300,['5.72']
321302,[]
321355,['5.98']
321358,['4.680']
321405,[]
321523,[]
321535,[]
321700,[]
321808,['6.0']
321901,['4.5']
321929,['5.720']
321930,['2.86']
321931,['10.14']
321932,['9.880']
321935,['7.800']
321936,['3.120']
321978,['4.505']
322185,['4.42']
322190,['5.215']
322204,['5.2']
322205,['6.5']
322332,['5.2']
322350,['7.280']
322351,['4.420']
322353,[]
322369,['5.720']
322370,['4.68']
322408,['8.48']
322571,['5.2']
322651,['5.695']
322803,[]
322824,['3.64']
322827,['4.68']
322845,['6.23']
322846,['9.69']
322847,[]
322855,['4.59']
322867,['5.775']
322869,['4.95']
322871,['8.68']
322872,['4.40']
322873,['7.15']
322901,['2.86']
322937,[]
322972,['4.2']
322997,[]
323140,['2.6']
323144,['3.380']
323146,['3.900']
323147,['4.25']
323148,[]
323151,['3.25']
323162,['2.080']
323681,[]
323688,[]
323695,[]
323697,['8.840']
323781,['10.92']
323785,['5.460']
323786,['4.94']
323787,['8.060']
323800,['2.600']
323833,['4.940']
323854,['4.420']
323867,['5.2']
323872,['7.02']
323935,[]
323939,['7.020']
323961,['6.24']
323979,['6.867']
323980,['7.52']
323981,['7.52']
324101,['11.10']
324133,['4.42']
324160,['4.160']
324183,[]
324200,['4.420']
324201,['2.805']
324233,['14.940']
324288,['3.900']
324323,['3.71']
324372,['7.15']
324379,[]
324381,['5.225']
324391,['4.940']
324394,['3.120']
324429,['3.64']
324430,['4.68']
324432,['2.6']
324438,['6.760']
324445,[]
324695,['7.020']
324702,['4.940']
324724,[]
324804,[]
324833,['11.59']
324849,['4.86']
324857,['8.060']
324909,['6.12']
324910,['6.760']
324933,['5.6']
324984,['3.57']
324996,['4.160']
325160,[]
325249,['5.200']
325250,['12.480']
325284,[]
325286,['5.460']
325290,['3.640']
325293,['3.38']
325387,['8.58']
325395,['4.16']
325401,['9.360']
325420,['6.5']
325423,['5.200']
325450,['6.25']
325466,['4.08']
325468,['3.31']
325469,[]
325524,[]
325594,[]
325595,[]
325662,[]
325675,['3.020']
325697,['7.8']
325700,['5.720']
325723,['4.420']
325745,['6.24']
325749,[]
325759,['3.36']
325760,['3.18']
325779,['4.845']
325780,['6.375']
325782,['8.67']
325814,['4.160']
325815,['8.060']
325817,['4.13']
325824,"['3.975', '8307.75', '5815.42']"
325869,[]
325938,['2.805']
325975,"['4.24', '861.60', '658.48']"
326077,['4.94']
326079,['3.640']
326108,[]
326120,['3.06']
326123,['6.76']
326181,['4.770']
326234,['11.0']
326269,['9.010']
326319,['10.455']
326347,['3.38']
326366,['3.57']
326396,[]
326406,['4.680']
326436,['9.945']
326444,['4.505']
326445,['4.08']
326477,['4.08']
326490,['4.940']
326513,['2.04']
326574,['2.860']
326579,['3.570']
326584,['4.500']
326596,[]
326631,['4.5']
326642,['3.06']
326658,['5.200']
326709,['2.860']
326722,['6.855']
326733,['4.160']
326744,['7.14']
326828,['9.8']
326921,['8.215']
326961,['7.14']
326975,['8.16']
326977,['4.08']
326993,['5.35']
327104,['5.980']
327165,['7.14']
327223,[]
327237,['4.59']
327243,['7.280']
327257,[]
327295,['3.75']
327406,['8.67']
327413,['4.48']
327499,['6.63']
327500,['6.375']
327524,['6.750']
327603,['5.13']
327613,['4.08']
327624,['3.1']
327682,['5.20']
327683,['4.94']
327751,['7.14']
327753,['3.6']
327817,['6.12']
327874,['5.1']
327957,['9.945']
327963,['3.12']
328020,['8.415']
328022,['2.805']
328023,['4.59']
328065,['3.60']
328090,[]
328092,['2.295']
328244,['6.12']
328299,['4.08']
328384,['6.885']
328402,['5.2']
328412,['3.64']
328416,['5.30']
328472,['5.61']
328499,['4.59']
328507,['3.445']
328546,['6.63']
328632,['3.315']
328737,['6.375']
328767,[]
328772,['2.55']
328773,['6.12']
328775,[]
328776,['5.98']
328806,[]
328948,['4.335']
328951,['2.805']
328954,['2.295']
328958,['9.945']
328959,['14.3']
328979,['5.200']
329131,['4.605']
329174,['4.94']
329206,['4.94']
329210,[]
329475,['10.4']
329655,['9.62']
329662,[]
329718,[]
329737,['5.30']
329804,['5.61']
329830,[]
329839,['4.5']
329861,[]
329934,[]
330005,[]
330018,['5.2']
330190,['10.4']
330263,[]
330342,['5.98']
330427,['3.3']
330451,['6.24']
330506,['4.42']
330514,[]
330635,['8.84']
330706,['9.5']
330708,['4.24']
330888,['4.420']
330959,['6.60']
330964,['5.035']
330993,[]
331043,['11.76']
331057,['3.12']
331063,['2.86']
331377,['3.18']
331408,['5.35']
331736,[]
331775,['7.56']
331832,['6.67']
331866,['4.94']
331869,['5.26']
331874,['2.0']
331892,['8.21']
331895,['4.85']
331973,[]
331976,['5.2']
332215,['5.2']
332403,['3.71']
332456,['5.8']
332762,['4.77']
332895,['4.68']
333059,[]
333097,['4.05']
333183,['9.01']
333436,[]
333438,['2.915']
333586,['3.71']
333674,['6.63']
333824,[]
333850,[]
333963,[]
333996,['3.2']
334063,['4.51']
334247,['4.76']
334302,['4.24']
334346,['7.95']
334379,['3.112']
334389,['8.48']
334395,['5.03']
334461,['6.36']
334463,['3.71']
334466,['3.445']
334485,[]
334541,['6.095']
334545,['3.18']
334676,['4.24']
334689,[]
334921,[]
334967,[]
334969,[]
335144,[]
335203,[]
335206,[]
335245,['3.3']
335363,['9.36']
335611,[]
335612,[]
335640,[]
335647,['7.5']
335662,['7.2']
335665,['2.85']
335687,[]
335838,['8.12']
335858,['5.8']
335939,[]
336065,[]
336110,[]
336114,['3.12']
336139,[]
336209,[]
336242,['5.1']
336296,['3.38']
336297,[]
336353,[]
336408,['6.84']
336425,['8.84']
336429,['14.04']
336431,['4.42']
336479,[]
336573,[]
336686,['2.6']
336835,['8.82']
336872,['9.975']
336915,[]
336948,['3.9']
336955,['8.0']
336979,[]
336980,[]
337128,[]
337135,[]
337136,[]
337143,['4.05']
337183,['4.16']
337246,[]
337248,['4.69']
337249,[]
337279,[]
337280,[]
337298,[]
337515,[]
337535,['5.04']
337571,[]
337584,[]
337585,['6.84']
337597,[]
337654,['3.38']
337666,['6.76']
337678,['3.9']
337782,[]
337831,['5.2']
337882,['6.44']
337890,['5.7']
337895,['4.8']
337916,['25.20']
337917,['8.12']
337918,['18.2']
337919,['18.2']
337921,['6.3']
337922,[]
337986,['5.67']
337989,['7.245']
338037,[]
338114,['7.125']
338179,['6.76']
338264,['9.36']
338276,['10.08']
338281,['9.405']
338282,['7.54']
338331,['7.15']
338342,['6.9']
338347,['3.12']
338351,['4.2']
338362,[]
338378,['5.83']
338416,[]
338440,['3.38']
338444,['5.355']
338451,['9.6']
338452,['9.92']
338472,['10.14']
338586,['9.88']
338587,['9.88']
338590,['5.94']
338591,['4.32']
338600,['4.42']
338605,['8.82']
338613,['2.08']
338653,['4.94']
338654,['5.2']
338658,['4.68']
338678,['4.16']
338679,['6.76']
338685,['10.24']
338776,[]
338821,['6.3']
338828,['5.72']
338944,[]
338971,['2.34']
338973,['4.94']
338974,['4.48']
338975,['13.44']
338978,['3.36']
338979,['3.5']
338980,['7.28']
338981,['6.5']
339031,['3.64']
339096,[]
339100,['3.92']
339193,['12.24']
339241,['9.45']
339316,[]
339326,['5.7']
339339,['7.56']
339341,['6.72']
339342,['5.6']
339343,['3.92']
339406,['6.84']
339481,['11.655']
339488,['2.835']
339580,['8.12']
339770,['12.04']
339775,['3.64']
339842,[]
339846,[]
339850,[]
339879,[]
339882,['3.82']
339896,[]
339968,[]
339970,[]
339977,['5.32']
339985,['5.7']
340011,[]
340090,[]
340102,['30.21']
340103,['44.46']
340104,['33.63']
340106,['37.62']
340108,[]
340109,['61.25']
340121,['6.21']
340171,[]
340224,['34.02']
340248,['13.23']
340249,['6.6']
340250,['6.16']
340286,['3.48']
340420,['3.77']
340461,['9.3']
340504,['7.9']
340586,['2.4']
340614,['6.27']
340735,['5.035']
340782,['4.06']
340797,['6.3']
340804,['2.8']
341021,['12.825']
341061,['6.6']
341086,[]
341169,['2.4']
341175,['5.22']
341202,[]
341211,['4.76']
341231,['51.52']
341281,['11.97']
341317,['7.29']
341360,['5.13']
341382,[]
341413,['2.9']
341454,['3.6']
341455,['4.7']
341556,['13.8']
341564,['6.3']
341655,['2.12']
341675,['2.91']
341902,[]
342076,['2.52']
342081,['3.3']
342136,['3.85']
342159,['10.2']
342164,['8.7']
342235,['2.24']
342241,['14.7']
342304,['3.6']
342312,[]
342360,['12.9']
342435,['4.55']
342491,['3.92']
342518,['7.84']
342544,[]
342620,[]
342650,['4.76']
342680,['6.3']
342681,['3.08']
342692,[]
342749,['2.24']
342817,['8.505']
342819,['4.48']
342820,['5.04']
342954,['9.483']
342996,['3.6']
343001,['5.415']
343063,['4.5']
343077,['7.2']
343092,['3.99']
343108,['4.48']
343157,['5.32']
343257,['4.56']
343274,['7.84']
343283,['3.92']
343285,['3.64']
343320,['2.24']
343336,['3.64']
343339,['4.76']
343378,['6.70']
343434,['5.04']
343437,['5.6']
343491,['4.64']
343493,['4.64']
343507,['5.8']
343581,['6.16']
343622,['4.48']
343625,['3.08']
343636,[]
343773,[]
343857,['5.6']
343858,['6.16']
343859,['6.44']
343860,['3.64']
343886,['2.4']
343915,['5.44']
344010,['5.32']
344064,['5.6']
344065,['7.84']
344124,[]
344143,['5.2']
344169,['6.555']
344257,[]
344306,['6.72']
344311,['10.385']
344408,['3.6']
344432,['6.72']
344482,['4.06']
344567,['8.45']
344621,['2.32']
344623,[]
344629,[]
344630,[]
344631,[]
344644,['30.8']
344667,['7.695']
344670,['2.4']
344684,['4.35']
344774,[]
344793,['4.2']
344811,['5.8']
345152,['8.19']
345250,['10.7']
345333,['6.6']
345373,['12.88']
345412,[]
345442,['6.5']
345514,['4.2']
345610,[]
345687,['6.27']
345713,['5.2']
345759,[]
345822,['10.26']
345928,[]
346007,['2.24']
346008,['7.56']
346009,['6.16']
346084,['3.25']
346204,[]
346311,['3.08']
346312,['3.36']
346365,['6.7']
346390,['8.265']
346411,['5.8']
346471,['4.2']
346473,['12.18']
346478,['4.64']
346516,['3.48']
346536,['4.8']
346602,['11.04']
346744,['4.8']
346851,[]
346893,['10.23']
346896,['12.06']
346966,['9.86']
346974,['8.4']
346976,['4.02']
347031,[]
347104,['4.845']
347111,['5.4']
347121,['3.48']
347128,['10.545']
347130,['6.96']
347131,['5.8']
347366,['7.54']
347378,['5.559']
347396,['3.20']
347415,['9.28']
347472,['10.72']
347541,['4.55']
347569,[]
347658,['7.56']
347660,['11.48']
347688,[]
347791,['24.75']
347860,['10.83']
347874,['4.56']
347875,['4.8']
347879,['3.42']
347903,[]
347962,['5.4']
348061,['2.28']
348062,['5.13']
348087,['4.35']
348129,['6.27']
348203,['8.64']
348212,['4.8']
348289,['7.41']
348313,['2.8']
348363,['3.3']
348408,['6.555']
348538,['5.4']
348654,['9.12']
348719,['7.8']
348782,[]
348790,['4.2']
348873,['4.48']
348937,['6.16']
349094,['9.69']
349113,['7.5']
349115,['1.95']
349244,['5.94']
349249,['17.98']
349311,['5.415']
349312,['6.555']
349376,['3.2']
349405,['3.42']
349408,['5.985']
349447,['10.36']
349532,['3.99']
349587,['13.11']
349662,['5.525']
349826,['6.555']
349868,['8.38']
349869,['5.72']
349893,['9.975']
349966,['9.52']
350019,['9.66']
350029,['4.275']
350084,['10.36']
350085,['10.36']
350240,['4.5']
350248,['4.28']
350347,[]
350392,['6.27']
350575,['3.19']
350604,['3.5']
350609,['4.8']
350771,['7.2']
350819,[]
350886,['5.51']
350916,['24.85']
351049,['3.08']
351096,['5.51']
351184,['6.67']
351230,['7.37']
351265,['4.93']
351266,['11.31']
351267,['4.06']
351399,['4.64']
351470,['5.04']
351471,['6.44']
351515,[]
351539,['7.245']
351562,['5.8']
351607,['6.035']
351612,['6.62']
351635,['10.15']
351793,['11.6']
351794,['2.24']
351889,[]
351992,['10.15']
352025,['8.4']
352036,['5.36']
352073,[]
352147,[]
352236,[]
352254,[]
352297,[]
352327,['8.5']
352407,['4.64']
352479,['4.35']
352511,['5.670']
352514,['7.84']
352515,['7.28']
352517,['5.48']
352653,[]
352693,['6.67']
352696,['4.675']
352830,['4.8']
352935,['12.73']
352937,['3.015']
352972,['8.1']
352983,['4.64']
353022,[]
353163,['5.5']
353174,['3.36']
353175,['10.44']
353196,['3.6']
353242,['16.24']
353278,[]
353307,['7.83']
353330,['4.06']
353331,['8.7']
353649,['8.41']
353650,['4.56']
353750,['16.82']
353753,[]
353779,['6.37']
353791,['9.57']
353829,[]
353830,['431.865']
353906,['6.555']
353907,[]
353928,[]
353959,['6.09']
353964,['2.32']
354007,['24.92']
354167,[]
354222,['4.90']
354227,['8.4']
354293,['7.2']
354297,['5.1']
354301,['7.8']
354319,"['5.85', '13.5']"
354396,['11.375']
354426,['5.4']
354548,['12.095']
354550,['29.5']
354576,['11.890']
354597,['9.0']
354696,[]
354721,[]
354919,['12.09']
354925,[]
354939,['9.57']
355071,['4.02']
355087,['4.060']
355256,['6.38']
355258,['2.23']
355305,['3.77']
355355,['3.92']
355357,['6.44']
355373,['2.95']
355402,['11.21']
355408,['8.4']
355441,['3.245']
355458,['6.09']
355469,[]
355511,['5.32']
355629,[]
355743,['7.92']
355753,[]
355759,['4.93']
355899,['3.64']
355905,['9.15']
355940,['5.7']
356004,['8.12']
356073,['4.2']
356189,['7.08']
356413,[]
356737,[]
358087,[]
359044,[]
